DROP TABLE IF EXISTS clients;
CREATE TABLE clients (id UUID NOT NULL, client_name CHARACTER VARYING(250) NOT NULL, client_lastname CHARACTER VARYING(250) NOT NULL, client_address CHARACTER VARYING(1000) NOT NULL, PRIMARY KEY (id));
INSERT INTO clients (id, client_name, client_lastname, client_address) VALUES ('7268e658-e6c2-4925-a86e-656205555495', 'Fernando', 'Herrera', 'Residencial Alturas de la Escalon');
INSERT INTO clients (id, client_name, client_lastname, client_address) VALUES ('fcfa4e6a-9889-4b51-8a04-b33c28c42d61', 'Berenice', 'Armero', 'Residencial Alturas de la Escalon');
INSERT INTO clients (id, client_name, client_lastname, client_address) VALUES ('0ddab72b-8e8f-43b5-b130-2e7c58ddab40', 'Fernando', 'Agurto', 'Residencial Alturas de la Escalon');
DROP TABLE IF EXISTS countries;
CREATE TABLE countries (id UUID NOT NULL, country_name CHARACTER VARYING(250) NOT NULL, country_code CHARACTER VARYING(10) NOT NULL, country_alias CHARACTER VARYING(250) NOT NULL, PRIMARY KEY (id), UNIQUE (id));
INSERT INTO countries (id, country_name, country_code, country_alias) VALUES ('96fa5e2c-6df4-11ee-b962-0242ac120002', 'El Salvador', '503', 'SV');
DROP TABLE IF EXISTS order_shippings;
CREATE TABLE order_shippings (id UUID NOT NULL, notes CHARACTER VARYING(1000), id_client UUID NOT NULL, id_order UUID NOT NULL, PRIMARY KEY (id));
INSERT INTO order_shippings (id, notes, id_client, id_order) VALUES ('fcec0c60-882a-4c56-898d-02528f04aacd', 'Entrega en casa', '7268e658-e6c2-4925-a86e-656205555495', '057aeb1f-a6be-44b7-8e51-04068c63fb0e');
INSERT INTO order_shippings (id, notes, id_client, id_order) VALUES ('57261caf-afef-4fa8-bde7-2c684a084c30', 'Entrega en casa', '7268e658-e6c2-4925-a86e-656205555495', 'a4efc378-b32f-4cf4-8738-fe87bef39660');
INSERT INTO order_shippings (id, notes, id_client, id_order) VALUES ('ec51dd0c-c33c-4bd0-9498-fbb07b2f38af', 'Entrega en casa', '7268e658-e6c2-4925-a86e-656205555495', 'da3eebdc-f666-4787-b5ce-e021caf41e7c');
INSERT INTO order_shippings (id, notes, id_client, id_order) VALUES ('43503504-3af4-40b0-a759-3bd2b5ed102d', 'Entrega en casa', '7268e658-e6c2-4925-a86e-656205555495', '2bcc1c8f-f749-467d-9b9e-5644d784c84a');
INSERT INTO order_shippings (id, notes, id_client, id_order) VALUES ('876122ab-3a34-45c0-b2a6-d132b502dd27', 'Entrega en casa', '7268e658-e6c2-4925-a86e-656205555495', 'cdaea4e5-3de3-4e08-8f87-59c21a391c43');
INSERT INTO order_shippings (id, notes, id_client, id_order) VALUES ('c739582d-7e6b-4e50-ba92-44d6a6d5d98e', 'Entrega en casa', '7268e658-e6c2-4925-a86e-656205555495', 'c3e6ee7d-e94b-497d-875e-d30b982b9cf7');
INSERT INTO order_shippings (id, notes, id_client, id_order) VALUES ('57e8557a-3347-4e05-a59a-964faee4bc3c', 'Entrega en casa', '7268e658-e6c2-4925-a86e-656205555495', 'f8aaa2bc-ba90-4b2f-a5df-e4e0eb3e4d42');
INSERT INTO order_shippings (id, notes, id_client, id_order) VALUES ('1d1066a7-2204-4843-b4f1-b8e411f313a1', 'Entrega en casa', '7268e658-e6c2-4925-a86e-656205555495', 'c2030a1c-f7b9-4ad2-8df0-41d74d0fba6b');
INSERT INTO order_shippings (id, notes, id_client, id_order) VALUES ('85989b5e-4ddb-4f42-8a31-63cd4f64e594', 'Entrega en casa', '7268e658-e6c2-4925-a86e-656205555495', '9054ef7c-f3ec-463d-a288-5300bd220873');
INSERT INTO order_shippings (id, notes, id_client, id_order) VALUES ('e8966c03-ffb8-4153-911a-c28fe3ac9f09', 'Entrega en casa', '7268e658-e6c2-4925-a86e-656205555495', 'a6ffc147-8385-4872-9b53-ecb1c82bbeed');
INSERT INTO order_shippings (id, notes, id_client, id_order) VALUES ('426b49f3-b0d1-4721-9a6d-3faa91cac5db', 'Entrega en casa', '7268e658-e6c2-4925-a86e-656205555495', '0f54beea-7e26-4a0a-bfaa-d45f661560bc');
INSERT INTO order_shippings (id, notes, id_client, id_order) VALUES ('4b33a4a0-046b-49b0-bc45-060d2fdd2fba', 'Entrega en casa', '7268e658-e6c2-4925-a86e-656205555495', '4bb4ae03-7484-4d5a-ad65-2ad35523ee76');
INSERT INTO order_shippings (id, notes, id_client, id_order) VALUES ('ac95d529-bb41-44e7-91ef-46b7ab18169a', 'Entrega en casa', '7268e658-e6c2-4925-a86e-656205555495', '60476eec-a819-4433-9bd9-24c45ccfe5a2');
INSERT INTO order_shippings (id, notes, id_client, id_order) VALUES ('bd194e67-583d-4702-aed0-421845c318a4', 'Entrega en casa', '7268e658-e6c2-4925-a86e-656205555495', '01ade32c-d790-4e08-964c-20a11726ebac');
INSERT INTO order_shippings (id, notes, id_client, id_order) VALUES ('00318b51-576d-492b-b8bd-26e48ce971b9', 'Entrega en casa', '7268e658-e6c2-4925-a86e-656205555495', 'da551e50-3bb8-4de6-af10-788c59e71703');
INSERT INTO order_shippings (id, notes, id_client, id_order) VALUES ('6434a105-a949-48be-8edf-02ca76bb9b69', 'Entrega en casa', '7268e658-e6c2-4925-a86e-656205555495', 'a7db2d64-720a-41f3-9fef-39c9e15d97e7');
INSERT INTO order_shippings (id, notes, id_client, id_order) VALUES ('b90cb47f-5a37-4ae1-a74d-7d0195ac52f3', 'Entrega en casa', '7268e658-e6c2-4925-a86e-656205555495', '0a98e260-28c7-4647-a571-691615118895');
INSERT INTO order_shippings (id, notes, id_client, id_order) VALUES ('6aa4fed0-547e-4649-b871-905f87238f09', 'Entrega en casa', '7268e658-e6c2-4925-a86e-656205555495', '976b12c7-0356-490e-80c9-8ec383494500');
INSERT INTO order_shippings (id, notes, id_client, id_order) VALUES ('9db9939d-8fa9-4a74-9cba-04610d5a7c11', 'Entrega en casa', '7268e658-e6c2-4925-a86e-656205555495', 'ccb161a9-dc88-46df-addb-47397dd55da9');
INSERT INTO order_shippings (id, notes, id_client, id_order) VALUES ('91114683-1287-4512-bf40-9a764123f833', 'Entrega en casa', '7268e658-e6c2-4925-a86e-656205555495', '25999fb8-c4dc-41ba-bd32-45527ec92633');
INSERT INTO order_shippings (id, notes, id_client, id_order) VALUES ('ae5e0046-ace8-4254-bb7c-748210a1e16d', 'Entrega en casa', '7268e658-e6c2-4925-a86e-656205555495', '3f0b8e8d-3f66-4835-82a6-c91f2db30d43');
INSERT INTO order_shippings (id, notes, id_client, id_order) VALUES ('bbb95909-7924-4815-a965-d5b14e53c320', 'Entrega en casa', '7268e658-e6c2-4925-a86e-656205555495', 'c03e20a6-f84c-4f68-ad71-741d89f11e1c');
INSERT INTO order_shippings (id, notes, id_client, id_order) VALUES ('6a9f0a0d-10bd-4edc-b65d-a8ddaf4cac58', 'Entrega en casa', '7268e658-e6c2-4925-a86e-656205555495', '68bf08fc-caf4-4054-998c-7c90362e7b9e');
INSERT INTO order_shippings (id, notes, id_client, id_order) VALUES ('0aab50b1-02d4-4b24-9e42-ca2a55aa3119', 'Entrega en casa', '7268e658-e6c2-4925-a86e-656205555495', '944a8cf4-8229-476f-9efa-4b3c48d7d833');
INSERT INTO order_shippings (id, notes, id_client, id_order) VALUES ('5edd7eea-7a36-4f77-957b-ef2adb417bfe', 'Tocar el timbre', 'fcfa4e6a-9889-4b51-8a04-b33c28c42d61', '302cdeef-c5ba-4581-947a-7a89c4c99681');
INSERT INTO order_shippings (id, notes, id_client, id_order) VALUES ('92167d56-f948-4c38-8d24-ee5be62c8baf', 'Entrega en casa', '7268e658-e6c2-4925-a86e-656205555495', 'fb10338c-a9b6-4d8b-8192-fb422443277b');
INSERT INTO order_shippings (id, notes, id_client, id_order) VALUES ('f2a48878-9ce4-4ccf-acc1-a58ba1da122c', 'Entrega en casa', '7268e658-e6c2-4925-a86e-656205555495', '82fb9c45-d436-4e59-be09-59a57a279abf');
INSERT INTO order_shippings (id, notes, id_client, id_order) VALUES ('a853dd54-bc76-42e5-88e6-cdc373011bf9', 'Entrega en casa', '7268e658-e6c2-4925-a86e-656205555495', '170ba694-9932-43ce-8e85-bc849bcfb8c8');
INSERT INTO order_shippings (id, notes, id_client, id_order) VALUES ('8228b696-fa05-445a-bb42-ef2c41c02f84', 'Entrega en casa', '7268e658-e6c2-4925-a86e-656205555495', '27991762-9e24-4a99-84a8-7792d041e4ca');
INSERT INTO order_shippings (id, notes, id_client, id_order) VALUES ('8fe10fe7-e33e-400d-936d-eef1b5c87fd3', 'Entrega en casa', '7268e658-e6c2-4925-a86e-656205555495', '78740058-0ad7-42a4-a16d-23328df72515');
INSERT INTO order_shippings (id, notes, id_client, id_order) VALUES ('bf2afa4a-1005-40a9-9d03-c147ebf13d9b', 'Entrega en casa', '7268e658-e6c2-4925-a86e-656205555495', 'a2ce1a12-1dc2-442b-ad58-3a6a9867dd99');
INSERT INTO order_shippings (id, notes, id_client, id_order) VALUES ('f012ca25-ce80-45d6-886a-5d8b1d710d08', 'Entrega en casa', '7268e658-e6c2-4925-a86e-656205555495', 'fc1ae795-a63f-467f-b99c-263482725882');
INSERT INTO order_shippings (id, notes, id_client, id_order) VALUES ('01ef62f1-57d9-445d-a6c0-1d77d2ac22f3', 'Entrega en casa', '7268e658-e6c2-4925-a86e-656205555495', '052569d2-9553-4f0c-8c49-5ae03706c8e2');
INSERT INTO order_shippings (id, notes, id_client, id_order) VALUES ('470e77c8-0401-4fdb-b60e-1fe45a8d8219', 'Entrega en casa', '7268e658-e6c2-4925-a86e-656205555495', '434be65a-803a-42dd-aef2-e9911eb50897');
INSERT INTO order_shippings (id, notes, id_client, id_order) VALUES ('d84545ae-1e0d-4f1f-873d-3860e1599f4a', 'Entrega en casa', '7268e658-e6c2-4925-a86e-656205555495', '032e0383-c7db-418c-a072-d008c93d259e');
INSERT INTO order_shippings (id, notes, id_client, id_order) VALUES ('92b6238f-9784-49d2-a6b5-c8a57b0d94b6', 'Entrega en casa', '7268e658-e6c2-4925-a86e-656205555495', '7486b3da-b4ec-4c66-99e2-a3e3576e9fd4');
INSERT INTO order_shippings (id, notes, id_client, id_order) VALUES ('ee7cdd2a-72b3-4fdf-829d-da57e3f5025b', 'Entrega en casa', '7268e658-e6c2-4925-a86e-656205555495', '332663fb-4391-4ba3-a6d3-7a6d1900b84d');
INSERT INTO order_shippings (id, notes, id_client, id_order) VALUES ('8878f5e0-06c7-49f2-bd65-928d22bc9fe5', 'Entrega en casa', '7268e658-e6c2-4925-a86e-656205555495', '1a3bd816-5a62-40d5-a0b1-a9537eecf384');
DROP TABLE IF EXISTS orders;
CREATE TABLE orders (id UUID NOT NULL, id_country UUID NOT NULL, id_store UUID NOT NULL, creation_date TIMESTAMP(6) WITHOUT TIME ZONE NOT NULL, payment_status CHARACTER VARYING, PRIMARY KEY (id));
INSERT INTO orders (id, id_country, id_store, creation_date, payment_status) VALUES ('a4efc378-b32f-4cf4-8738-fe87bef39660', '96fa5e2c-6df4-11ee-b962-0242ac120002', '545a5ca8-6df3-11ee-b962-0242ac120002', '2023-10-24 22:54:59', 'pending');
INSERT INTO orders (id, id_country, id_store, creation_date, payment_status) VALUES ('da3eebdc-f666-4787-b5ce-e021caf41e7c', '96fa5e2c-6df4-11ee-b962-0242ac120002', '545a5ca8-6df3-11ee-b962-0242ac120002', '2023-10-24 22:54:59', 'pending');
INSERT INTO orders (id, id_country, id_store, creation_date, payment_status) VALUES ('2bcc1c8f-f749-467d-9b9e-5644d784c84a', '96fa5e2c-6df4-11ee-b962-0242ac120002', '545a5ca8-6df3-11ee-b962-0242ac120002', '2023-10-24 22:54:59', 'pending');
INSERT INTO orders (id, id_country, id_store, creation_date, payment_status) VALUES ('cdaea4e5-3de3-4e08-8f87-59c21a391c43', '96fa5e2c-6df4-11ee-b962-0242ac120002', '545a5ca8-6df3-11ee-b962-0242ac120002', '2023-10-24 22:54:59', 'pending');
INSERT INTO orders (id, id_country, id_store, creation_date, payment_status) VALUES ('c3e6ee7d-e94b-497d-875e-d30b982b9cf7', '96fa5e2c-6df4-11ee-b962-0242ac120002', '545a5ca8-6df3-11ee-b962-0242ac120002', '2023-10-24 22:54:59', 'pending');
INSERT INTO orders (id, id_country, id_store, creation_date, payment_status) VALUES ('f8aaa2bc-ba90-4b2f-a5df-e4e0eb3e4d42', '96fa5e2c-6df4-11ee-b962-0242ac120002', '545a5ca8-6df3-11ee-b962-0242ac120002', '2023-10-24 22:54:59', 'pending');
INSERT INTO orders (id, id_country, id_store, creation_date, payment_status) VALUES ('c2030a1c-f7b9-4ad2-8df0-41d74d0fba6b', '96fa5e2c-6df4-11ee-b962-0242ac120002', '545a5ca8-6df3-11ee-b962-0242ac120002', '2023-10-24 22:54:59', 'pending');
INSERT INTO orders (id, id_country, id_store, creation_date, payment_status) VALUES ('9054ef7c-f3ec-463d-a288-5300bd220873', '96fa5e2c-6df4-11ee-b962-0242ac120002', '545a5ca8-6df3-11ee-b962-0242ac120002', '2023-10-24 22:54:59', 'pending');
INSERT INTO orders (id, id_country, id_store, creation_date, payment_status) VALUES ('a6ffc147-8385-4872-9b53-ecb1c82bbeed', '96fa5e2c-6df4-11ee-b962-0242ac120002', '545a5ca8-6df3-11ee-b962-0242ac120002', '2023-10-24 22:54:59', 'pending');
INSERT INTO orders (id, id_country, id_store, creation_date, payment_status) VALUES ('0f54beea-7e26-4a0a-bfaa-d45f661560bc', '96fa5e2c-6df4-11ee-b962-0242ac120002', '545a5ca8-6df3-11ee-b962-0242ac120002', '2023-10-24 22:54:59', 'pending');
INSERT INTO orders (id, id_country, id_store, creation_date, payment_status) VALUES ('4bb4ae03-7484-4d5a-ad65-2ad35523ee76', '96fa5e2c-6df4-11ee-b962-0242ac120002', '545a5ca8-6df3-11ee-b962-0242ac120002', '2023-10-24 22:54:59', 'pending');
INSERT INTO orders (id, id_country, id_store, creation_date, payment_status) VALUES ('60476eec-a819-4433-9bd9-24c45ccfe5a2', '96fa5e2c-6df4-11ee-b962-0242ac120002', '545a5ca8-6df3-11ee-b962-0242ac120002', '2023-10-24 22:54:59', 'pending');
INSERT INTO orders (id, id_country, id_store, creation_date, payment_status) VALUES ('01ade32c-d790-4e08-964c-20a11726ebac', '96fa5e2c-6df4-11ee-b962-0242ac120002', '545a5ca8-6df3-11ee-b962-0242ac120002', '2023-10-24 22:54:59', 'pending');
INSERT INTO orders (id, id_country, id_store, creation_date, payment_status) VALUES ('da551e50-3bb8-4de6-af10-788c59e71703', '96fa5e2c-6df4-11ee-b962-0242ac120002', '545a5ca8-6df3-11ee-b962-0242ac120002', '2023-10-24 22:54:59', 'pending');
INSERT INTO orders (id, id_country, id_store, creation_date, payment_status) VALUES ('a7db2d64-720a-41f3-9fef-39c9e15d97e7', '96fa5e2c-6df4-11ee-b962-0242ac120002', '545a5ca8-6df3-11ee-b962-0242ac120002', '2023-10-24 22:54:59', 'pending');
INSERT INTO orders (id, id_country, id_store, creation_date, payment_status) VALUES ('0a98e260-28c7-4647-a571-691615118895', '96fa5e2c-6df4-11ee-b962-0242ac120002', '545a5ca8-6df3-11ee-b962-0242ac120002', '2023-10-24 22:54:59', 'pending');
INSERT INTO orders (id, id_country, id_store, creation_date, payment_status) VALUES ('976b12c7-0356-490e-80c9-8ec383494500', '96fa5e2c-6df4-11ee-b962-0242ac120002', '545a5ca8-6df3-11ee-b962-0242ac120002', '2023-10-24 22:54:59', 'pending');
INSERT INTO orders (id, id_country, id_store, creation_date, payment_status) VALUES ('ccb161a9-dc88-46df-addb-47397dd55da9', '96fa5e2c-6df4-11ee-b962-0242ac120002', '545a5ca8-6df3-11ee-b962-0242ac120002', '2023-10-24 22:54:59', 'pending');
INSERT INTO orders (id, id_country, id_store, creation_date, payment_status) VALUES ('25999fb8-c4dc-41ba-bd32-45527ec92633', '96fa5e2c-6df4-11ee-b962-0242ac120002', '545a5ca8-6df3-11ee-b962-0242ac120002', '2023-10-24 22:54:59', 'pending');
INSERT INTO orders (id, id_country, id_store, creation_date, payment_status) VALUES ('3f0b8e8d-3f66-4835-82a6-c91f2db30d43', '96fa5e2c-6df4-11ee-b962-0242ac120002', '545a5ca8-6df3-11ee-b962-0242ac120002', '2023-10-24 22:54:59', 'pending');
INSERT INTO orders (id, id_country, id_store, creation_date, payment_status) VALUES ('c03e20a6-f84c-4f68-ad71-741d89f11e1c', '96fa5e2c-6df4-11ee-b962-0242ac120002', '545a5ca8-6df3-11ee-b962-0242ac120002', '2023-10-24 22:54:59', 'pending');
INSERT INTO orders (id, id_country, id_store, creation_date, payment_status) VALUES ('68bf08fc-caf4-4054-998c-7c90362e7b9e', '96fa5e2c-6df4-11ee-b962-0242ac120002', '545a5ca8-6df3-11ee-b962-0242ac120002', '2023-10-24 22:54:59', 'pending');
INSERT INTO orders (id, id_country, id_store, creation_date, payment_status) VALUES ('944a8cf4-8229-476f-9efa-4b3c48d7d833', '96fa5e2c-6df4-11ee-b962-0242ac120002', '545a5ca8-6df3-11ee-b962-0242ac120002', '2023-10-24 22:54:59', 'pending');
INSERT INTO orders (id, id_country, id_store, creation_date, payment_status) VALUES ('302cdeef-c5ba-4581-947a-7a89c4c99681', '96fa5e2c-6df4-11ee-b962-0242ac120002', '545a5ca8-6df3-11ee-b962-0242ac120002', '2023-10-24 22:54:59', 'pending');
INSERT INTO orders (id, id_country, id_store, creation_date, payment_status) VALUES ('78740058-0ad7-42a4-a16d-23328df72515', '96fa5e2c-6df4-11ee-b962-0242ac120002', '545a5ca8-6df3-11ee-b962-0242ac120002', '2023-10-24 20:53:24', 'pending');
INSERT INTO orders (id, id_country, id_store, creation_date, payment_status) VALUES ('a2ce1a12-1dc2-442b-ad58-3a6a9867dd99', '96fa5e2c-6df4-11ee-b962-0242ac120002', '545a5ca8-6df3-11ee-b962-0242ac120002', '2023-10-25 13:34:41', 'pending');
INSERT INTO orders (id, id_country, id_store, creation_date, payment_status) VALUES ('fc1ae795-a63f-467f-b99c-263482725882', '96fa5e2c-6df4-11ee-b962-0242ac120002', '545a5ca8-6df3-11ee-b962-0242ac120002', '2023-10-25 13:35:20', 'pending');
INSERT INTO orders (id, id_country, id_store, creation_date, payment_status) VALUES ('052569d2-9553-4f0c-8c49-5ae03706c8e2', '96fa5e2c-6df4-11ee-b962-0242ac120002', '545a5ca8-6df3-11ee-b962-0242ac120002', '2023-10-25 15:06:49', 'pending');
INSERT INTO orders (id, id_country, id_store, creation_date, payment_status) VALUES ('434be65a-803a-42dd-aef2-e9911eb50897', '96fa5e2c-6df4-11ee-b962-0242ac120002', '545a5ca8-6df3-11ee-b962-0242ac120002', '2023-10-25 15:07:07', 'pending');
INSERT INTO orders (id, id_country, id_store, creation_date, payment_status) VALUES ('032e0383-c7db-418c-a072-d008c93d259e', '96fa5e2c-6df4-11ee-b962-0242ac120002', '545a5ca8-6df3-11ee-b962-0242ac120002', '2023-10-25 15:14:48', 'pending');
INSERT INTO orders (id, id_country, id_store, creation_date, payment_status) VALUES ('7486b3da-b4ec-4c66-99e2-a3e3576e9fd4', '96fa5e2c-6df4-11ee-b962-0242ac120002', '545a5ca8-6df3-11ee-b962-0242ac120002', '2023-10-25 15:17:31', 'pending');
INSERT INTO orders (id, id_country, id_store, creation_date, payment_status) VALUES ('332663fb-4391-4ba3-a6d3-7a6d1900b84d', '96fa5e2c-6df4-11ee-b962-0242ac120002', '545a5ca8-6df3-11ee-b962-0242ac120002', '2023-10-25 15:20:54', 'pending');
INSERT INTO orders (id, id_country, id_store, creation_date, payment_status) VALUES ('1a3bd816-5a62-40d5-a0b1-a9537eecf384', '96fa5e2c-6df4-11ee-b962-0242ac120002', '545a5ca8-6df3-11ee-b962-0242ac120002', '2023-10-25 15:23:20', 'pending');
INSERT INTO orders (id, id_country, id_store, creation_date, payment_status) VALUES ('170ba694-9932-43ce-8e85-bc849bcfb8c8', '96fa5e2c-6df4-11ee-b962-0242ac120002', '545a5ca8-6df3-11ee-b962-0242ac120002', '2023-10-25 15:24:04', 'pending');
INSERT INTO orders (id, id_country, id_store, creation_date, payment_status) VALUES ('fb10338c-a9b6-4d8b-8192-fb422443277b', '96fa5e2c-6df4-11ee-b962-0242ac120002', '545a5ca8-6df3-11ee-b962-0242ac120002', '2023-10-25 15:24:00', 'pending');
INSERT INTO orders (id, id_country, id_store, creation_date, payment_status) VALUES ('82fb9c45-d436-4e59-be09-59a57a279abf', '96fa5e2c-6df4-11ee-b962-0242ac120002', '545a5ca8-6df3-11ee-b962-0242ac120002', '2023-10-25 15:24:03', 'pending');
INSERT INTO orders (id, id_country, id_store, creation_date, payment_status) VALUES ('27991762-9e24-4a99-84a8-7792d041e4ca', '96fa5e2c-6df4-11ee-b962-0242ac120002', '545a5ca8-6df3-11ee-b962-0242ac120002', '2023-10-25 15:24:05', 'pending');
INSERT INTO orders (id, id_country, id_store, creation_date, payment_status) VALUES ('057aeb1f-a6be-44b7-8e51-04068c63fb0e', '96fa5e2c-6df4-11ee-b962-0242ac120002', '545a5ca8-6df3-11ee-b962-0242ac120002', '2023-10-24 22:54:59', 'done');
DROP TABLE IF EXISTS product_categories;
CREATE TABLE product_categories (id UUID NOT NULL, category_name CHARACTER VARYING(100) NOT NULL, CONSTRAINT product_category_pkey PRIMARY KEY (id));
INSERT INTO product_categories (id, category_name) VALUES ('ffdabf28-1917-4ee1-b7cf-219199c6cc75', 'Varios');
DROP TABLE IF EXISTS product_sub_categories;
CREATE TABLE product_sub_categories (id UUID NOT NULL, sub_category_name CHARACTER VARYING(100) NOT NULL, id_category UUID NOT NULL, CONSTRAINT product_sub_category_pkey PRIMARY KEY (id));
INSERT INTO product_sub_categories (id, sub_category_name, id_category) VALUES ('d1d7c750-8747-4818-b152-280e30c20b13', 'Otros', 'ffdabf28-1917-4ee1-b7cf-219199c6cc75');
DROP TABLE IF EXISTS products;
CREATE TABLE products (id UUID NOT NULL, product_name CHARACTER VARYING(500) NOT NULL, weight_unit CHARACTER VARYING(250) NOT NULL, product_description CHARACTER VARYING(1000), price DOUBLE PRECISION NOT NULL, weight DOUBLE PRECISION NOT NULL, id_product_sub_category UUID DEFAULT 'ffdabf28-1917-4ee1-b7cf-219199c6cc75'::uuid NOT NULL, id_store UUID DEFAULT '545a5ca8-6df3-11ee-b962-0242ac120002'::uuid NOT NULL, PRIMARY KEY (id));
INSERT INTO products (id, product_name, weight_unit, product_description, price, weight, id_product_sub_category, id_store) VALUES ('d47c6c4b-775b-4a39-b590-b57f960584d2', 'Coca Cola', 'L', 'Bebida azucarada gasificada', 2.5, 3.0, 'ffdabf28-1917-4ee1-b7cf-219199c6cc75', '545a5ca8-6df3-11ee-b962-0242ac120002');
INSERT INTO products (id, product_name, weight_unit, product_description, price, weight, id_product_sub_category, id_store) VALUES ('9c4fce2f-3e45-4bb0-965b-04b9bc572533', 'Coca Cola', 'L', 'Bebida azucarada gasificada', 2.200000047683716, 2.5, 'ffdabf28-1917-4ee1-b7cf-219199c6cc75', '545a5ca8-6df3-11ee-b962-0242ac120002');
INSERT INTO products (id, product_name, weight_unit, product_description, price, weight, id_product_sub_category, id_store) VALUES ('be24323b-4e04-4fad-a5af-59fd057a106a', 'Fanta', 'L', 'Bebida azucarada gasificada', 2.200000047683716, 2.5, 'ffdabf28-1917-4ee1-b7cf-219199c6cc75', '545a5ca8-6df3-11ee-b962-0242ac120002');
INSERT INTO products (id, product_name, weight_unit, product_description, price, weight, id_product_sub_category, id_store) VALUES ('b5e28c10-ae36-49c5-9920-d1639aa8beb5', 'Tropical Uva', 'L', 'Bebida azucarada gasificada', 2.200000047683716, 2.5, 'ffdabf28-1917-4ee1-b7cf-219199c6cc75', '545a5ca8-6df3-11ee-b962-0242ac120002');
INSERT INTO products (id, product_name, weight_unit, product_description, price, weight, id_product_sub_category, id_store) VALUES ('269d736a-a4dc-4438-8800-f8ddc57ec1b4', 'Tropical Crema Soda', 'L', 'Bebida azucarada gasificada', 2.200000047683716, 2.5, 'ffdabf28-1917-4ee1-b7cf-219199c6cc75', '545a5ca8-6df3-11ee-b962-0242ac120002');
INSERT INTO products (id, product_name, weight_unit, product_description, price, weight, id_product_sub_category, id_store) VALUES ('51896e21-a780-469f-917c-ea465f109348', 'Computadora HP', 'LB', 'Computadora portatil para estudio', 299.989990234375, 5.0, 'ffdabf28-1917-4ee1-b7cf-219199c6cc75', '545a5ca8-6df3-11ee-b962-0242ac120002');
INSERT INTO products (id, product_name, weight_unit, product_description, price, weight, id_product_sub_category, id_store) VALUES ('d83135d2-2d93-4ebc-bda9-80ae55bc46fc', 'Computadora DELL', 'LB', 'Computadora portatil para estudio', 299.989990234375, 5.0, 'ffdabf28-1917-4ee1-b7cf-219199c6cc75', '545a5ca8-6df3-11ee-b962-0242ac120002');
INSERT INTO products (id, product_name, weight_unit, product_description, price, weight, id_product_sub_category, id_store) VALUES ('e3b46a4c-e150-4db2-b93b-9f9592883cb7', 'Computadora ASUS', 'LB', 'Computadora portatil para estudio', 299.989990234375, 5.0, 'ffdabf28-1917-4ee1-b7cf-219199c6cc75', '545a5ca8-6df3-11ee-b962-0242ac120002');
INSERT INTO products (id, product_name, weight_unit, product_description, price, weight, id_product_sub_category, id_store) VALUES ('12caa87d-9a2e-41cc-bc27-5373a083cae1', 'Computadora XIAOMI', 'LB', 'Computadora portatil para estudio', 299.989990234375, 5.0, 'ffdabf28-1917-4ee1-b7cf-219199c6cc75', '545a5ca8-6df3-11ee-b962-0242ac120002');
INSERT INTO products (id, product_name, weight_unit, product_description, price, weight, id_product_sub_category, id_store) VALUES ('a2f41064-8630-4fd1-a364-4253acafb058', 'Telefono Samsung', 'LB', 'Telefono inteligente android', 149.99000549316406, 0.5, 'ffdabf28-1917-4ee1-b7cf-219199c6cc75', '545a5ca8-6df3-11ee-b962-0242ac120002');
INSERT INTO products (id, product_name, weight_unit, product_description, price, weight, id_product_sub_category, id_store) VALUES ('e62b1b83-792c-477d-8c74-ca9e2124537c', 'Telefono Huawei', 'LB', 'Telefono inteligente android', 149.99000549316406, 0.5, 'ffdabf28-1917-4ee1-b7cf-219199c6cc75', '545a5ca8-6df3-11ee-b962-0242ac120002');
INSERT INTO products (id, product_name, weight_unit, product_description, price, weight, id_product_sub_category, id_store) VALUES ('1875240b-3441-4b3c-85d5-b003b13125fa', 'Telefono Xiaomi', 'LB', 'Telefono inteligente android', 149.99000549316406, 0.5, 'ffdabf28-1917-4ee1-b7cf-219199c6cc75', '545a5ca8-6df3-11ee-b962-0242ac120002');
INSERT INTO products (id, product_name, weight_unit, product_description, price, weight, id_product_sub_category, id_store) VALUES ('353973c3-5eea-4a59-9f39-8c60457fa0d6', 'Impresora Epson', 'LB', 'Impresora Epson Multifuncional', 249.99000549316406, 8.0, 'ffdabf28-1917-4ee1-b7cf-219199c6cc75', '545a5ca8-6df3-11ee-b962-0242ac120002');
INSERT INTO products (id, product_name, weight_unit, product_description, price, weight, id_product_sub_category, id_store) VALUES ('50d218eb-f621-4cdb-9672-2321ecf57ad6', 'Botella con agua', 'L', 'Botella de agua potable', 1.0, 2.0, 'ffdabf28-1917-4ee1-b7cf-219199c6cc75', '545a5ca8-6df3-11ee-b962-0242ac120002');
INSERT INTO products (id, product_name, weight_unit, product_description, price, weight, id_product_sub_category, id_store) VALUES ('82d0b674-86ee-4309-a6d7-57ed8310b460', 'Botella con agua', 'L', 'Botella de agua potable', 0.75, 1.0, 'ffdabf28-1917-4ee1-b7cf-219199c6cc75', '545a5ca8-6df3-11ee-b962-0242ac120002');
INSERT INTO products (id, product_name, weight_unit, product_description, price, weight, id_product_sub_category, id_store) VALUES ('d634aaf9-e41a-4da0-8e64-256b72ce9373', 'Botella con agua', 'ml', 'Botella de agua potable', 0.5, 500.0, 'ffdabf28-1917-4ee1-b7cf-219199c6cc75', '545a5ca8-6df3-11ee-b962-0242ac120002');
DROP TABLE IF EXISTS shipping_articles;
CREATE TABLE shipping_articles (id UUID NOT NULL, article_notes CHARACTER VARYING(1000), amount INTEGER NOT NULL, id_product UUID NOT NULL, id_shipping UUID NOT NULL, PRIMARY KEY (id));
INSERT INTO shipping_articles (id, article_notes, amount, id_product, id_shipping) VALUES ('e623483b-2722-4d90-9d90-a4e109661dde', '', 1, 'be24323b-4e04-4fad-a5af-59fd057a106a', 'fcec0c60-882a-4c56-898d-02528f04aacd');
INSERT INTO shipping_articles (id, article_notes, amount, id_product, id_shipping) VALUES ('f1cc46ef-9a5e-49b6-b1ea-10bb0a5942ff', 'Entrega en la puerta de la casa', 5, 'be24323b-4e04-4fad-a5af-59fd057a106a', '57261caf-afef-4fa8-bde7-2c684a084c30');
INSERT INTO shipping_articles (id, article_notes, amount, id_product, id_shipping) VALUES ('1f884f9c-4314-46dd-b4a2-823509385f75', 'Entrega en la puerta de la casa', 6, '51896e21-a780-469f-917c-ea465f109348', '57261caf-afef-4fa8-bde7-2c684a084c30');
INSERT INTO shipping_articles (id, article_notes, amount, id_product, id_shipping) VALUES ('8f2e7056-2c43-463a-842c-7ac5fb8a59f9', 'Entrega en la puerta de la casa', 4, 'd47c6c4b-775b-4a39-b590-b57f960584d2', '57261caf-afef-4fa8-bde7-2c684a084c30');
INSERT INTO shipping_articles (id, article_notes, amount, id_product, id_shipping) VALUES ('8e8dc9e4-397f-45d6-9036-56c6981014b0', 'Entrega en la puerta de la casa', 6, '9c4fce2f-3e45-4bb0-965b-04b9bc572533', '57261caf-afef-4fa8-bde7-2c684a084c30');
INSERT INTO shipping_articles (id, article_notes, amount, id_product, id_shipping) VALUES ('9a69ed5b-81bd-4d45-80f7-6e845bd597a6', 'Entrega en la puerta de la casa', 5, 'be24323b-4e04-4fad-a5af-59fd057a106a', 'ec51dd0c-c33c-4bd0-9498-fbb07b2f38af');
INSERT INTO shipping_articles (id, article_notes, amount, id_product, id_shipping) VALUES ('0e724e49-deb0-4003-adc6-400271442527', 'Entrega en la puerta de la casa', 6, '51896e21-a780-469f-917c-ea465f109348', 'ec51dd0c-c33c-4bd0-9498-fbb07b2f38af');
INSERT INTO shipping_articles (id, article_notes, amount, id_product, id_shipping) VALUES ('03b15da7-7fd1-4bfb-b3d5-0fed67100550', 'Entrega en la puerta de la casa', 4, 'd47c6c4b-775b-4a39-b590-b57f960584d2', 'ec51dd0c-c33c-4bd0-9498-fbb07b2f38af');
INSERT INTO shipping_articles (id, article_notes, amount, id_product, id_shipping) VALUES ('ccc1396c-0da1-4ef3-8e15-9e3e010297db', 'Entrega en la puerta de la casa', 6, '9c4fce2f-3e45-4bb0-965b-04b9bc572533', 'ec51dd0c-c33c-4bd0-9498-fbb07b2f38af');
INSERT INTO shipping_articles (id, article_notes, amount, id_product, id_shipping) VALUES ('b354245e-ac55-4111-829b-93a06f8d01bb', 'Entrega en la puerta de la casa', 5, 'be24323b-4e04-4fad-a5af-59fd057a106a', '43503504-3af4-40b0-a759-3bd2b5ed102d');
INSERT INTO shipping_articles (id, article_notes, amount, id_product, id_shipping) VALUES ('995b77cd-ea98-4ec0-b76e-4ee17423902a', 'Entrega en la puerta de la casa', 6, '51896e21-a780-469f-917c-ea465f109348', '43503504-3af4-40b0-a759-3bd2b5ed102d');
INSERT INTO shipping_articles (id, article_notes, amount, id_product, id_shipping) VALUES ('877d36e0-e4d8-478f-8df8-8e075cda5166', 'Entrega en la puerta de la casa', 4, 'd47c6c4b-775b-4a39-b590-b57f960584d2', '43503504-3af4-40b0-a759-3bd2b5ed102d');
INSERT INTO shipping_articles (id, article_notes, amount, id_product, id_shipping) VALUES ('335a986c-ed8a-4f58-89df-0f12e67d162a', 'Entrega en la puerta de la casa', 6, '9c4fce2f-3e45-4bb0-965b-04b9bc572533', '43503504-3af4-40b0-a759-3bd2b5ed102d');
INSERT INTO shipping_articles (id, article_notes, amount, id_product, id_shipping) VALUES ('96979665-fa95-424a-90a6-704bc65981ca', 'Entrega en la puerta de la casa', 5, 'be24323b-4e04-4fad-a5af-59fd057a106a', '876122ab-3a34-45c0-b2a6-d132b502dd27');
INSERT INTO shipping_articles (id, article_notes, amount, id_product, id_shipping) VALUES ('19f7b4da-108d-4882-a660-de169116a308', 'Entrega en la puerta de la casa', 6, '51896e21-a780-469f-917c-ea465f109348', '876122ab-3a34-45c0-b2a6-d132b502dd27');
INSERT INTO shipping_articles (id, article_notes, amount, id_product, id_shipping) VALUES ('dc7d3ea9-2baa-43cd-a88e-2b2d01c4c055', 'Entrega en la puerta de la casa', 4, 'd47c6c4b-775b-4a39-b590-b57f960584d2', '876122ab-3a34-45c0-b2a6-d132b502dd27');
INSERT INTO shipping_articles (id, article_notes, amount, id_product, id_shipping) VALUES ('04cf598f-6c25-4274-90ce-dac0166fa908', 'Entrega en la puerta de la casa', 6, '9c4fce2f-3e45-4bb0-965b-04b9bc572533', '876122ab-3a34-45c0-b2a6-d132b502dd27');
INSERT INTO shipping_articles (id, article_notes, amount, id_product, id_shipping) VALUES ('0ec9ab21-3e9c-48e0-bc23-47947a86c928', 'Entrega en la puerta de la casa', 5, 'be24323b-4e04-4fad-a5af-59fd057a106a', 'c739582d-7e6b-4e50-ba92-44d6a6d5d98e');
INSERT INTO shipping_articles (id, article_notes, amount, id_product, id_shipping) VALUES ('75c358e9-36aa-486e-96da-a736a77bb898', 'Entrega en la puerta de la casa', 6, '51896e21-a780-469f-917c-ea465f109348', 'c739582d-7e6b-4e50-ba92-44d6a6d5d98e');
INSERT INTO shipping_articles (id, article_notes, amount, id_product, id_shipping) VALUES ('8167d4ad-9161-4167-b4b4-c9c83176973f', 'Entrega en la puerta de la casa', 4, 'd47c6c4b-775b-4a39-b590-b57f960584d2', 'c739582d-7e6b-4e50-ba92-44d6a6d5d98e');
INSERT INTO shipping_articles (id, article_notes, amount, id_product, id_shipping) VALUES ('3b7dd985-7583-49e3-bd96-25aa11a9f6fa', 'Entrega en la puerta de la casa', 6, '9c4fce2f-3e45-4bb0-965b-04b9bc572533', 'c739582d-7e6b-4e50-ba92-44d6a6d5d98e');
INSERT INTO shipping_articles (id, article_notes, amount, id_product, id_shipping) VALUES ('5b9b817f-a5fa-4489-afa6-293ca8ed9d11', 'Entrega en la puerta de la casa', 5, 'be24323b-4e04-4fad-a5af-59fd057a106a', '57e8557a-3347-4e05-a59a-964faee4bc3c');
INSERT INTO shipping_articles (id, article_notes, amount, id_product, id_shipping) VALUES ('28981d4f-b490-417b-8d49-4987416a458e', 'Entrega en la puerta de la casa', 6, '51896e21-a780-469f-917c-ea465f109348', '57e8557a-3347-4e05-a59a-964faee4bc3c');
INSERT INTO shipping_articles (id, article_notes, amount, id_product, id_shipping) VALUES ('0732c556-485f-4b70-8600-b77c983c75bb', 'Entrega en la puerta de la casa', 4, 'd47c6c4b-775b-4a39-b590-b57f960584d2', '57e8557a-3347-4e05-a59a-964faee4bc3c');
INSERT INTO shipping_articles (id, article_notes, amount, id_product, id_shipping) VALUES ('94eaa323-bd57-49ec-94b5-e59f065663b4', 'Entrega en la puerta de la casa', 6, '9c4fce2f-3e45-4bb0-965b-04b9bc572533', '57e8557a-3347-4e05-a59a-964faee4bc3c');
INSERT INTO shipping_articles (id, article_notes, amount, id_product, id_shipping) VALUES ('0d82ed12-00ba-4f90-9eab-ce9b6258ef56', 'Entrega en la puerta de la casa', 5, 'be24323b-4e04-4fad-a5af-59fd057a106a', '1d1066a7-2204-4843-b4f1-b8e411f313a1');
INSERT INTO shipping_articles (id, article_notes, amount, id_product, id_shipping) VALUES ('294b65c9-d95f-4cfb-a6b6-1bf6f43329ea', 'Entrega en la puerta de la casa', 6, '51896e21-a780-469f-917c-ea465f109348', '1d1066a7-2204-4843-b4f1-b8e411f313a1');
INSERT INTO shipping_articles (id, article_notes, amount, id_product, id_shipping) VALUES ('a3e6a762-ddfd-4025-96ed-8dae265ae34b', 'Entrega en la puerta de la casa', 4, 'd47c6c4b-775b-4a39-b590-b57f960584d2', '1d1066a7-2204-4843-b4f1-b8e411f313a1');
INSERT INTO shipping_articles (id, article_notes, amount, id_product, id_shipping) VALUES ('eccad9e7-0a8c-40ac-9d73-9ecc4af3b5c0', 'Entrega en la puerta de la casa', 6, '9c4fce2f-3e45-4bb0-965b-04b9bc572533', '1d1066a7-2204-4843-b4f1-b8e411f313a1');
INSERT INTO shipping_articles (id, article_notes, amount, id_product, id_shipping) VALUES ('173b9f64-6692-4d96-ad91-ab946576acc1', 'Entrega en la puerta de la casa', 5, 'be24323b-4e04-4fad-a5af-59fd057a106a', '85989b5e-4ddb-4f42-8a31-63cd4f64e594');
INSERT INTO shipping_articles (id, article_notes, amount, id_product, id_shipping) VALUES ('ff04c198-c4a1-4703-bedd-0e395b34cb84', 'Entrega en la puerta de la casa', 6, '51896e21-a780-469f-917c-ea465f109348', '85989b5e-4ddb-4f42-8a31-63cd4f64e594');
INSERT INTO shipping_articles (id, article_notes, amount, id_product, id_shipping) VALUES ('00d465ad-5950-4907-9d35-94d7d6320067', 'Entrega en la puerta de la casa', 4, 'd47c6c4b-775b-4a39-b590-b57f960584d2', '85989b5e-4ddb-4f42-8a31-63cd4f64e594');
INSERT INTO shipping_articles (id, article_notes, amount, id_product, id_shipping) VALUES ('e4527e77-666a-47c9-95c9-c2372f15ca89', 'Entrega en la puerta de la casa', 6, '9c4fce2f-3e45-4bb0-965b-04b9bc572533', '85989b5e-4ddb-4f42-8a31-63cd4f64e594');
INSERT INTO shipping_articles (id, article_notes, amount, id_product, id_shipping) VALUES ('c62b1a0f-1ff1-49ed-ae40-7662633a91fe', 'Entrega en la puerta de la casa', 5, 'be24323b-4e04-4fad-a5af-59fd057a106a', 'e8966c03-ffb8-4153-911a-c28fe3ac9f09');
INSERT INTO shipping_articles (id, article_notes, amount, id_product, id_shipping) VALUES ('d9666191-5a9c-4cd3-bf30-6d96292dd401', 'Entrega en la puerta de la casa', 6, '51896e21-a780-469f-917c-ea465f109348', 'e8966c03-ffb8-4153-911a-c28fe3ac9f09');
INSERT INTO shipping_articles (id, article_notes, amount, id_product, id_shipping) VALUES ('ee6b15dc-6fc3-4c43-a576-cfe9ae28484b', 'Entrega en la puerta de la casa', 4, 'd47c6c4b-775b-4a39-b590-b57f960584d2', 'e8966c03-ffb8-4153-911a-c28fe3ac9f09');
INSERT INTO shipping_articles (id, article_notes, amount, id_product, id_shipping) VALUES ('ad04619a-91ea-4bf3-9f20-fe49fbe5894b', 'Entrega en la puerta de la casa', 6, '9c4fce2f-3e45-4bb0-965b-04b9bc572533', 'e8966c03-ffb8-4153-911a-c28fe3ac9f09');
INSERT INTO shipping_articles (id, article_notes, amount, id_product, id_shipping) VALUES ('c9857199-9d80-4a01-b84b-e34c9ec29da0', 'Entrega en la puerta de la casa', 5, 'be24323b-4e04-4fad-a5af-59fd057a106a', '426b49f3-b0d1-4721-9a6d-3faa91cac5db');
INSERT INTO shipping_articles (id, article_notes, amount, id_product, id_shipping) VALUES ('32725953-1c5f-49a4-8456-2e298af20dfa', 'Entrega en la puerta de la casa', 6, '51896e21-a780-469f-917c-ea465f109348', '426b49f3-b0d1-4721-9a6d-3faa91cac5db');
INSERT INTO shipping_articles (id, article_notes, amount, id_product, id_shipping) VALUES ('33a24786-6624-4231-b532-2e04d5d2adba', 'Entrega en la puerta de la casa', 4, 'd47c6c4b-775b-4a39-b590-b57f960584d2', '426b49f3-b0d1-4721-9a6d-3faa91cac5db');
INSERT INTO shipping_articles (id, article_notes, amount, id_product, id_shipping) VALUES ('98c5132e-4ee0-4aa8-a28e-754f77d53bc4', 'Entrega en la puerta de la casa', 6, '9c4fce2f-3e45-4bb0-965b-04b9bc572533', '426b49f3-b0d1-4721-9a6d-3faa91cac5db');
INSERT INTO shipping_articles (id, article_notes, amount, id_product, id_shipping) VALUES ('47c13853-57f9-4845-a2d6-9300d9075ce3', 'Entrega en la puerta de la casa', 5, 'be24323b-4e04-4fad-a5af-59fd057a106a', '4b33a4a0-046b-49b0-bc45-060d2fdd2fba');
INSERT INTO shipping_articles (id, article_notes, amount, id_product, id_shipping) VALUES ('a4eaa6d1-e037-4bd3-87bf-4b57a3c76699', 'Entrega en la puerta de la casa', 6, '51896e21-a780-469f-917c-ea465f109348', '4b33a4a0-046b-49b0-bc45-060d2fdd2fba');
INSERT INTO shipping_articles (id, article_notes, amount, id_product, id_shipping) VALUES ('d300248b-6bbd-4ab2-b366-ce2ac1fd9b0a', 'Entrega en la puerta de la casa', 4, 'd47c6c4b-775b-4a39-b590-b57f960584d2', '4b33a4a0-046b-49b0-bc45-060d2fdd2fba');
INSERT INTO shipping_articles (id, article_notes, amount, id_product, id_shipping) VALUES ('0a98b1f4-228b-4025-b6bc-2071dbb21c3f', 'Entrega en la puerta de la casa', 6, '9c4fce2f-3e45-4bb0-965b-04b9bc572533', '4b33a4a0-046b-49b0-bc45-060d2fdd2fba');
INSERT INTO shipping_articles (id, article_notes, amount, id_product, id_shipping) VALUES ('1f175378-2081-49b1-ae01-a351910526ea', 'Entrega en la puerta de la casa', 5, 'be24323b-4e04-4fad-a5af-59fd057a106a', 'ac95d529-bb41-44e7-91ef-46b7ab18169a');
INSERT INTO shipping_articles (id, article_notes, amount, id_product, id_shipping) VALUES ('9f95013f-8a7e-4d73-8246-cd93aa508e8e', 'Entrega en la puerta de la casa', 6, '51896e21-a780-469f-917c-ea465f109348', 'ac95d529-bb41-44e7-91ef-46b7ab18169a');
INSERT INTO shipping_articles (id, article_notes, amount, id_product, id_shipping) VALUES ('8635581d-07b3-4ef0-ad82-e82027518777', 'Entrega en la puerta de la casa', 4, 'd47c6c4b-775b-4a39-b590-b57f960584d2', 'ac95d529-bb41-44e7-91ef-46b7ab18169a');
INSERT INTO shipping_articles (id, article_notes, amount, id_product, id_shipping) VALUES ('53927bd5-81ca-4423-bd0e-8a48caa737b1', 'Entrega en la puerta de la casa', 6, '9c4fce2f-3e45-4bb0-965b-04b9bc572533', 'ac95d529-bb41-44e7-91ef-46b7ab18169a');
INSERT INTO shipping_articles (id, article_notes, amount, id_product, id_shipping) VALUES ('99c6bc4a-fa3b-4397-b125-6cdde77e9de3', 'Entrega en la puerta de la casa', 5, 'be24323b-4e04-4fad-a5af-59fd057a106a', 'bd194e67-583d-4702-aed0-421845c318a4');
INSERT INTO shipping_articles (id, article_notes, amount, id_product, id_shipping) VALUES ('f6fc706b-27e7-428c-aee8-388153fafdcf', 'Entrega en la puerta de la casa', 6, '51896e21-a780-469f-917c-ea465f109348', 'bd194e67-583d-4702-aed0-421845c318a4');
INSERT INTO shipping_articles (id, article_notes, amount, id_product, id_shipping) VALUES ('a0f8b2fb-a413-4e86-9ece-9028d0df4f8a', 'Entrega en la puerta de la casa', 4, 'd47c6c4b-775b-4a39-b590-b57f960584d2', 'bd194e67-583d-4702-aed0-421845c318a4');
INSERT INTO shipping_articles (id, article_notes, amount, id_product, id_shipping) VALUES ('7901bda5-7527-41ea-ad68-2856eca21ff3', 'Entrega en la puerta de la casa', 6, '9c4fce2f-3e45-4bb0-965b-04b9bc572533', 'bd194e67-583d-4702-aed0-421845c318a4');
INSERT INTO shipping_articles (id, article_notes, amount, id_product, id_shipping) VALUES ('399f6485-31e3-4998-b370-34033b76a5e1', 'Entrega en la puerta de la casa', 5, 'be24323b-4e04-4fad-a5af-59fd057a106a', '00318b51-576d-492b-b8bd-26e48ce971b9');
INSERT INTO shipping_articles (id, article_notes, amount, id_product, id_shipping) VALUES ('ae6145df-359d-42bb-acbf-3ae47555f2be', 'Entrega en la puerta de la casa', 6, '51896e21-a780-469f-917c-ea465f109348', '00318b51-576d-492b-b8bd-26e48ce971b9');
INSERT INTO shipping_articles (id, article_notes, amount, id_product, id_shipping) VALUES ('8af0335b-794f-430a-90cb-96e5d183fa1e', 'Entrega en la puerta de la casa', 4, 'd47c6c4b-775b-4a39-b590-b57f960584d2', '00318b51-576d-492b-b8bd-26e48ce971b9');
INSERT INTO shipping_articles (id, article_notes, amount, id_product, id_shipping) VALUES ('2298f38c-4a6f-4041-800e-47f6b7c390d0', 'Entrega en la puerta de la casa', 6, '9c4fce2f-3e45-4bb0-965b-04b9bc572533', '00318b51-576d-492b-b8bd-26e48ce971b9');
INSERT INTO shipping_articles (id, article_notes, amount, id_product, id_shipping) VALUES ('c548c1e0-b118-453d-9e99-6bac91458d52', 'Entrega en la puerta de la casa', 5, 'be24323b-4e04-4fad-a5af-59fd057a106a', '6434a105-a949-48be-8edf-02ca76bb9b69');
INSERT INTO shipping_articles (id, article_notes, amount, id_product, id_shipping) VALUES ('1be156ed-d051-4ac7-931d-2c1171e02ff7', 'Entrega en la puerta de la casa', 6, '51896e21-a780-469f-917c-ea465f109348', '6434a105-a949-48be-8edf-02ca76bb9b69');
INSERT INTO shipping_articles (id, article_notes, amount, id_product, id_shipping) VALUES ('12f84c7c-9cfc-4b24-820b-90ec49f70b0d', 'Entrega en la puerta de la casa', 4, 'd47c6c4b-775b-4a39-b590-b57f960584d2', '6434a105-a949-48be-8edf-02ca76bb9b69');
INSERT INTO shipping_articles (id, article_notes, amount, id_product, id_shipping) VALUES ('8c125f24-93c2-4726-9fe6-ab689d43c661', 'Entrega en la puerta de la casa', 6, '9c4fce2f-3e45-4bb0-965b-04b9bc572533', '6434a105-a949-48be-8edf-02ca76bb9b69');
INSERT INTO shipping_articles (id, article_notes, amount, id_product, id_shipping) VALUES ('18fbdab9-db5d-441b-abc7-66d7e58f31d2', 'Entrega en la puerta de la casa', 5, 'be24323b-4e04-4fad-a5af-59fd057a106a', 'b90cb47f-5a37-4ae1-a74d-7d0195ac52f3');
INSERT INTO shipping_articles (id, article_notes, amount, id_product, id_shipping) VALUES ('ad2c1cb7-5258-47c5-904a-ba58f58d076e', 'Entrega en la puerta de la casa', 6, '51896e21-a780-469f-917c-ea465f109348', 'b90cb47f-5a37-4ae1-a74d-7d0195ac52f3');
INSERT INTO shipping_articles (id, article_notes, amount, id_product, id_shipping) VALUES ('eff135a8-125f-414b-8fed-7c65ebeef4ed', 'Entrega en la puerta de la casa', 4, 'd47c6c4b-775b-4a39-b590-b57f960584d2', 'b90cb47f-5a37-4ae1-a74d-7d0195ac52f3');
INSERT INTO shipping_articles (id, article_notes, amount, id_product, id_shipping) VALUES ('b2ba8633-44d5-43cf-a984-c20bd1c75464', 'Entrega en la puerta de la casa', 6, '9c4fce2f-3e45-4bb0-965b-04b9bc572533', 'b90cb47f-5a37-4ae1-a74d-7d0195ac52f3');
INSERT INTO shipping_articles (id, article_notes, amount, id_product, id_shipping) VALUES ('c64954a4-198d-451a-8e47-32d3830d74ea', 'Entrega en la puerta de la casa', 5, 'be24323b-4e04-4fad-a5af-59fd057a106a', '6aa4fed0-547e-4649-b871-905f87238f09');
INSERT INTO shipping_articles (id, article_notes, amount, id_product, id_shipping) VALUES ('20222a33-e7f6-4ba5-ae04-37e33e076c6d', 'Entrega en la puerta de la casa', 6, '51896e21-a780-469f-917c-ea465f109348', '6aa4fed0-547e-4649-b871-905f87238f09');
INSERT INTO shipping_articles (id, article_notes, amount, id_product, id_shipping) VALUES ('789a4c37-bf09-48cf-b8ea-423bde61833f', 'Entrega en la puerta de la casa', 4, 'd47c6c4b-775b-4a39-b590-b57f960584d2', '6aa4fed0-547e-4649-b871-905f87238f09');
INSERT INTO shipping_articles (id, article_notes, amount, id_product, id_shipping) VALUES ('0208dd15-2459-4f48-a9a2-348b9dd63bd4', 'Entrega en la puerta de la casa', 6, '9c4fce2f-3e45-4bb0-965b-04b9bc572533', '6aa4fed0-547e-4649-b871-905f87238f09');
INSERT INTO shipping_articles (id, article_notes, amount, id_product, id_shipping) VALUES ('eee47a6f-1f7b-42b1-80ee-03e4989546b3', 'Entrega en la puerta de la casa', 5, 'be24323b-4e04-4fad-a5af-59fd057a106a', '9db9939d-8fa9-4a74-9cba-04610d5a7c11');
INSERT INTO shipping_articles (id, article_notes, amount, id_product, id_shipping) VALUES ('a98a9765-ec72-4a4f-b1de-324df6f449aa', 'Entrega en la puerta de la casa', 6, '51896e21-a780-469f-917c-ea465f109348', '9db9939d-8fa9-4a74-9cba-04610d5a7c11');
INSERT INTO shipping_articles (id, article_notes, amount, id_product, id_shipping) VALUES ('a0a05731-938a-46eb-be42-16f7e0230151', 'Entrega en la puerta de la casa', 4, 'd47c6c4b-775b-4a39-b590-b57f960584d2', '9db9939d-8fa9-4a74-9cba-04610d5a7c11');
INSERT INTO shipping_articles (id, article_notes, amount, id_product, id_shipping) VALUES ('82c6429b-30ea-441a-a749-38d96dcc301a', 'Entrega en la puerta de la casa', 6, '9c4fce2f-3e45-4bb0-965b-04b9bc572533', '9db9939d-8fa9-4a74-9cba-04610d5a7c11');
INSERT INTO shipping_articles (id, article_notes, amount, id_product, id_shipping) VALUES ('b95a54f0-2e7b-4682-b62c-b93bd25fb8ab', 'Entrega en la puerta de la casa', 5, 'be24323b-4e04-4fad-a5af-59fd057a106a', '91114683-1287-4512-bf40-9a764123f833');
INSERT INTO shipping_articles (id, article_notes, amount, id_product, id_shipping) VALUES ('006b1191-2d9e-4f5e-9a95-7bcda97462df', 'Entrega en la puerta de la casa', 6, '51896e21-a780-469f-917c-ea465f109348', '91114683-1287-4512-bf40-9a764123f833');
INSERT INTO shipping_articles (id, article_notes, amount, id_product, id_shipping) VALUES ('9ae3ae4f-5fd5-4fb0-9a57-1399705954ce', 'Entrega en la puerta de la casa', 4, 'd47c6c4b-775b-4a39-b590-b57f960584d2', '91114683-1287-4512-bf40-9a764123f833');
INSERT INTO shipping_articles (id, article_notes, amount, id_product, id_shipping) VALUES ('3ce87736-39e1-4f0d-84d4-4e514d219632', 'Entrega en la puerta de la casa', 6, '9c4fce2f-3e45-4bb0-965b-04b9bc572533', '91114683-1287-4512-bf40-9a764123f833');
INSERT INTO shipping_articles (id, article_notes, amount, id_product, id_shipping) VALUES ('cb30c41f-cafa-4d1a-9d42-b5c8f3f3eadd', 'Entrega en la puerta de la casa', 5, 'be24323b-4e04-4fad-a5af-59fd057a106a', 'ae5e0046-ace8-4254-bb7c-748210a1e16d');
INSERT INTO shipping_articles (id, article_notes, amount, id_product, id_shipping) VALUES ('3c59a7cc-5480-4d93-a72a-5c519b0782de', 'Entrega en la puerta de la casa', 6, '51896e21-a780-469f-917c-ea465f109348', 'ae5e0046-ace8-4254-bb7c-748210a1e16d');
INSERT INTO shipping_articles (id, article_notes, amount, id_product, id_shipping) VALUES ('74da10df-b07e-467f-b26d-38b624a5c55f', 'Entrega en la puerta de la casa', 4, 'd47c6c4b-775b-4a39-b590-b57f960584d2', 'ae5e0046-ace8-4254-bb7c-748210a1e16d');
INSERT INTO shipping_articles (id, article_notes, amount, id_product, id_shipping) VALUES ('09d07edb-ee07-4e43-84c3-155c52d87814', 'Entrega en la puerta de la casa', 6, '9c4fce2f-3e45-4bb0-965b-04b9bc572533', 'ae5e0046-ace8-4254-bb7c-748210a1e16d');
INSERT INTO shipping_articles (id, article_notes, amount, id_product, id_shipping) VALUES ('8fcaa2c7-0c4c-40dc-87e6-db0dfa20bc4b', 'Entrega en la puerta de la casa', 1, '82d0b674-86ee-4309-a6d7-57ed8310b460', 'bbb95909-7924-4815-a965-d5b14e53c320');
INSERT INTO shipping_articles (id, article_notes, amount, id_product, id_shipping) VALUES ('297892a9-69bd-4e30-8355-01a31ae006fb', 'Entrega en la puerta de la casa', 1, '353973c3-5eea-4a59-9f39-8c60457fa0d6', 'bbb95909-7924-4815-a965-d5b14e53c320');
INSERT INTO shipping_articles (id, article_notes, amount, id_product, id_shipping) VALUES ('9238696a-0f80-4dc4-8a5b-e4256fc5fb48', 'Entrega en la puerta de la casa', 4, '50d218eb-f621-4cdb-9672-2321ecf57ad6', 'bbb95909-7924-4815-a965-d5b14e53c320');
INSERT INTO shipping_articles (id, article_notes, amount, id_product, id_shipping) VALUES ('ef895ed4-7c9d-42e2-ad14-68f959f26c81', 'Entrega en la puerta de la casa', 4, '353973c3-5eea-4a59-9f39-8c60457fa0d6', '6a9f0a0d-10bd-4edc-b65d-a8ddaf4cac58');
INSERT INTO shipping_articles (id, article_notes, amount, id_product, id_shipping) VALUES ('a1654d93-5031-4cb9-a07f-c0f1ce47dff6', 'Entrega en la puerta de la casa', 8, '50d218eb-f621-4cdb-9672-2321ecf57ad6', '6a9f0a0d-10bd-4edc-b65d-a8ddaf4cac58');
INSERT INTO shipping_articles (id, article_notes, amount, id_product, id_shipping) VALUES ('8c6be582-29e7-4862-bdd0-0d36c0036a05', 'Entrega en la puerta de la casa', 6, '82d0b674-86ee-4309-a6d7-57ed8310b460', '6a9f0a0d-10bd-4edc-b65d-a8ddaf4cac58');
INSERT INTO shipping_articles (id, article_notes, amount, id_product, id_shipping) VALUES ('7da9029b-3f4a-4d03-bf3e-fca080d4d654', 'Entrega en la puerta de la casa', 8, 'd634aaf9-e41a-4da0-8e64-256b72ce9373', '6a9f0a0d-10bd-4edc-b65d-a8ddaf4cac58');
INSERT INTO shipping_articles (id, article_notes, amount, id_product, id_shipping) VALUES ('c5a9fd52-eaa9-49d4-8c41-41bd9b73c2ae', 'Entrega en la puerta de la casa', 2, '50d218eb-f621-4cdb-9672-2321ecf57ad6', '0aab50b1-02d4-4b24-9e42-ca2a55aa3119');
INSERT INTO shipping_articles (id, article_notes, amount, id_product, id_shipping) VALUES ('87c9a483-c5db-472d-b3f2-9750eabf90ef', 'Entrega en la puerta de la casa', 4, '82d0b674-86ee-4309-a6d7-57ed8310b460', '0aab50b1-02d4-4b24-9e42-ca2a55aa3119');
INSERT INTO shipping_articles (id, article_notes, amount, id_product, id_shipping) VALUES ('d0c09439-b753-4bce-b547-96a6721e50d6', '', 4, '9c4fce2f-3e45-4bb0-965b-04b9bc572533', '5edd7eea-7a36-4f77-957b-ef2adb417bfe');
INSERT INTO shipping_articles (id, article_notes, amount, id_product, id_shipping) VALUES ('9bf42466-8c33-42eb-806e-dba6eb404b20', '', 5, 'be24323b-4e04-4fad-a5af-59fd057a106a', '5edd7eea-7a36-4f77-957b-ef2adb417bfe');
INSERT INTO shipping_articles (id, article_notes, amount, id_product, id_shipping) VALUES ('6c5a9730-a3e1-4849-9022-a7b893b9857b', '', 4, '51896e21-a780-469f-917c-ea465f109348', '5edd7eea-7a36-4f77-957b-ef2adb417bfe');
INSERT INTO shipping_articles (id, article_notes, amount, id_product, id_shipping) VALUES ('0defa38a-cae7-4014-833b-f416c214de82', '', 1, 'be24323b-4e04-4fad-a5af-59fd057a106a', '92167d56-f948-4c38-8d24-ee5be62c8baf');
INSERT INTO shipping_articles (id, article_notes, amount, id_product, id_shipping) VALUES ('57e4373b-d995-4769-9c3f-b10c1c3389d8', '', 1, 'be24323b-4e04-4fad-a5af-59fd057a106a', 'f2a48878-9ce4-4ccf-acc1-a58ba1da122c');
INSERT INTO shipping_articles (id, article_notes, amount, id_product, id_shipping) VALUES ('8f66400e-5976-476c-ae25-953e5b1d013e', '', 1, 'be24323b-4e04-4fad-a5af-59fd057a106a', 'a853dd54-bc76-42e5-88e6-cdc373011bf9');
INSERT INTO shipping_articles (id, article_notes, amount, id_product, id_shipping) VALUES ('9e5cb890-c68e-40a6-9da1-e68255ed8f8d', '', 1, 'be24323b-4e04-4fad-a5af-59fd057a106a', '8228b696-fa05-445a-bb42-ef2c41c02f84');
INSERT INTO shipping_articles (id, article_notes, amount, id_product, id_shipping) VALUES ('13ba25cd-ab55-405e-b75d-7aad97e43b45', '', 1, 'be24323b-4e04-4fad-a5af-59fd057a106a', '8fe10fe7-e33e-400d-936d-eef1b5c87fd3');
INSERT INTO shipping_articles (id, article_notes, amount, id_product, id_shipping) VALUES ('543ed935-1d25-4cb0-9a71-6f285beafb11', '', 1, 'be24323b-4e04-4fad-a5af-59fd057a106a', 'bf2afa4a-1005-40a9-9d03-c147ebf13d9b');
INSERT INTO shipping_articles (id, article_notes, amount, id_product, id_shipping) VALUES ('56c6e124-d877-4b36-91b1-dd016c6a13d7', '', 1, 'be24323b-4e04-4fad-a5af-59fd057a106a', 'f012ca25-ce80-45d6-886a-5d8b1d710d08');
INSERT INTO shipping_articles (id, article_notes, amount, id_product, id_shipping) VALUES ('1ffd7e82-0e38-451b-b821-8bfb0b74d22f', '', 1, 'be24323b-4e04-4fad-a5af-59fd057a106a', '01ef62f1-57d9-445d-a6c0-1d77d2ac22f3');
INSERT INTO shipping_articles (id, article_notes, amount, id_product, id_shipping) VALUES ('28c9f1ef-8338-450d-8705-ab16356037cf', '', 1, 'be24323b-4e04-4fad-a5af-59fd057a106a', '470e77c8-0401-4fdb-b60e-1fe45a8d8219');
INSERT INTO shipping_articles (id, article_notes, amount, id_product, id_shipping) VALUES ('87ad7b8f-8506-4263-914a-ae75c40975df', '', 1, 'be24323b-4e04-4fad-a5af-59fd057a106a', 'd84545ae-1e0d-4f1f-873d-3860e1599f4a');
INSERT INTO shipping_articles (id, article_notes, amount, id_product, id_shipping) VALUES ('f5ca7c5c-9d36-443c-a431-cc929d09874d', '', 1, 'be24323b-4e04-4fad-a5af-59fd057a106a', '92b6238f-9784-49d2-a6b5-c8a57b0d94b6');
INSERT INTO shipping_articles (id, article_notes, amount, id_product, id_shipping) VALUES ('7cf5f8b3-edaa-4550-a091-a0f0689466cc', '', 1, 'be24323b-4e04-4fad-a5af-59fd057a106a', 'ee7cdd2a-72b3-4fdf-829d-da57e3f5025b');
INSERT INTO shipping_articles (id, article_notes, amount, id_product, id_shipping) VALUES ('787197ea-184c-4637-8188-15a4f086f83c', '', 1, 'be24323b-4e04-4fad-a5af-59fd057a106a', '8878f5e0-06c7-49f2-bd65-928d22bc9fe5');
DROP TABLE IF EXISTS stores;
CREATE TABLE stores (id UUID NOT NULL, store_name CHARACTER VARYING(250) NOT NULL, store_code CHARACTER VARYING(250) NOT NULL, PRIMARY KEY (id));
INSERT INTO stores (id, store_name, store_code) VALUES ('545a5ca8-6df3-11ee-b962-0242ac120002', 'Tienda Escalon', '00001');
DROP TABLE IF EXISTS users;
CREATE TABLE users (id UUID NOT NULL, username CHARACTER VARYING(250) NOT NULL, user_password CHARACTER VARYING(100) NOT NULL, PRIMARY KEY (id), UNIQUE (username), UNIQUE (id));
INSERT INTO users (id, username, user_password) VALUES ('922511a0-6d20-11ee-b962-0242ac120002', 'admin', '$2a$10$GrREtGbDfoKXvkGxLTmu3O4yVCCpK077TySa8q5eNrh1o1PkNI2Q.');
INSERT INTO users (id, username, user_password) VALUES ('c071d46c-3ca3-478b-a582-777f16658d05', 'fernando', '$2a$10$2q1HeuPhBA7e3hnswLPvT.o6JNKasC6AbXU.i8LZO3QqcKmj6vi7m');
ALTER TABLE "order_shippings" ADD CONSTRAINT order_shippings_clients_id_fk FOREIGN KEY ("id_client") REFERENCES "clients" ("id") ON DELETE CASCADE ON UPDATE CASCADE;
ALTER TABLE "order_shippings" ADD CONSTRAINT order_shippings_orders_id_fk FOREIGN KEY ("id_order") REFERENCES "orders" ("id") ON DELETE CASCADE ON UPDATE CASCADE;
ALTER TABLE "orders" ADD CONSTRAINT orders_countries_id_fk FOREIGN KEY ("id_country") REFERENCES "countries" ("id") ON DELETE CASCADE ON UPDATE CASCADE;
ALTER TABLE "orders" ADD CONSTRAINT orders_stores_id_fk FOREIGN KEY ("id_store") REFERENCES "stores" ("id") ON DELETE CASCADE ON UPDATE CASCADE;
ALTER TABLE "orders" ADD CONSTRAINT orders_payment_status CHECK ((payment_status)::text = ANY ((ARRAY['pending'::character varying, 'done'::character varying])::text[]));
ALTER TABLE "product_sub_categories" ADD CONSTRAINT product_sub_category_product_category_id_fk FOREIGN KEY ("id_category") REFERENCES "product_categories" ("id");
ALTER TABLE "shipping_articles" ADD CONSTRAINT shipping_articles_products_id_fk FOREIGN KEY ("id_product") REFERENCES "products" ("id");
ALTER TABLE "shipping_articles" ADD CONSTRAINT shipping_articles_order_shippings_id_fk FOREIGN KEY ("id_shipping") REFERENCES "order_shippings" ("id");
